consumer_quipu,source_txid,source_vout,source_quipu,kind
a2e9f2ebe1ceeae368b734fcd861549c813d5cfb009093237f86b71f0048bda7,8227df752e185d74665dbd726a4fad822c7edf61cb6ea2baf6a4c670299d7e2f,0,,external_in
a2e9f2ebe1ceeae368b734fcd861549c813d5cfb009093237f86b71f0048bda7,4cae213cae278402d2034e61cd4ea6c7ef44dfaeadec0ee400547a03ebe45e8c,0,,external_in
c1542c10399a09a5471799133c472a6652d5cb3b7b421e1a7e80e2039f5b393b,b07a93efa3e5f989c887843b840a211e7a8cabf60ff4865aef09ee3b9abd0c75,0,,external_in
c1542c10399a09a5471799133c472a6652d5cb3b7b421e1a7e80e2039f5b393b,0346d46f337e5c2141e7712e27f69170a401798e1f62209c468a2937af3812fe,0,,external_in
c1542c10399a09a5471799133c472a6652d5cb3b7b421e1a7e80e2039f5b393b,92033e53c014dcd200872bc4cbb84b1bcfeaac9277278917dc2ffe1be12b7beb,0,,external_in
c1542c10399a09a5471799133c472a6652d5cb3b7b421e1a7e80e2039f5b393b,047867263fd62516ee3e8f6c7e39d6dac0238439494ffac025e2a6ea227917de,0,,external_in
c1542c10399a09a5471799133c472a6652d5cb3b7b421e1a7e80e2039f5b393b,f4f5d5d037b695ed627be22837d9490f7f1626e0e09625208e91c5bc8a8724c8,0,,external_in
c1542c10399a09a5471799133c472a6652d5cb3b7b421e1a7e80e2039f5b393b,763f1e7c3c6860247ee8ef78bed06d05d8953baec15c10ce74f446e9eb2c36bc,0,,external_in
c1542c10399a09a5471799133c472a6652d5cb3b7b421e1a7e80e2039f5b393b,6b8eae9a4c7ce29f6ee635f7f4e2725c083b7640069d1a1a5416265aa2152da7,0,,external_in
c1542c10399a09a5471799133c472a6652d5cb3b7b421e1a7e80e2039f5b393b,a64867e60201ab82b1cb91f1d5d34d18fd8c0bb5d76820c74a6ad93ab934638e,0,,external_in
c1542c10399a09a5471799133c472a6652d5cb3b7b421e1a7e80e2039f5b393b,b4cab2d7bec061cc590cf6cb076856ad4d6a42ff407c76e0d9bbc46359ed3a8a,0,,external_in
c1542c10399a09a5471799133c472a6652d5cb3b7b421e1a7e80e2039f5b393b,177f4b36a4c7e3395be50450989d31e2e2168a346c0b4073896797a256260a77,0,,external_in
c1542c10399a09a5471799133c472a6652d5cb3b7b421e1a7e80e2039f5b393b,38848bcdfa5c5ddfedc3a67df197379da534dc822da287d61bba1efd9c7dbb6e,0,,external_in
c1542c10399a09a5471799133c472a6652d5cb3b7b421e1a7e80e2039f5b393b,2ded209e42da4336ec43c4e9379b4b6d746b2247de6dc18dcdc2c38e3a20286d,0,,external_in
c1542c10399a09a5471799133c472a6652d5cb3b7b421e1a7e80e2039f5b393b,eb76cd0317a4914544a4f62ecd8d99341b43dd58183516639b9a991ae12e825f,0,,external_in
c1542c10399a09a5471799133c472a6652d5cb3b7b421e1a7e80e2039f5b393b,cfe4304471cacadcd3418b0c05bffa41c75f3887d3b2968cce6f41788d7eab56,0,,external_in
c1542c10399a09a5471799133c472a6652d5cb3b7b421e1a7e80e2039f5b393b,b593a9ee54598abcb2c6147041669b8c8f61f8d166cd4c5e407648ff5ed3164c,0,,external_in
c1542c10399a09a5471799133c472a6652d5cb3b7b421e1a7e80e2039f5b393b,9ce3372684feef120c1bd9e1c76901542446b8a2babcd859d7ce1acfa1271226,0,,external_in
c1542c10399a09a5471799133c472a6652d5cb3b7b421e1a7e80e2039f5b393b,42ce12488613e1cd0ba5c413c8ab4b90ab4dc2488e86220b11c55d630792c422,0,,external_in
c1542c10399a09a5471799133c472a6652d5cb3b7b421e1a7e80e2039f5b393b,a84c290a6cbb01c5e7d33cc53ce1e67781f378561fb7b7685ffb08650d0ef11c,0,,external_in
c1542c10399a09a5471799133c472a6652d5cb3b7b421e1a7e80e2039f5b393b,472d6e24d271af84e50210472aa60bbfbe04a73eb0716f16bf8b4dab561f01f5,0,,external_in
c1542c10399a09a5471799133c472a6652d5cb3b7b421e1a7e80e2039f5b393b,c64dc9e39a71bd18ea3d1f633fbe8af32b5b73690c776ca9edb1f63afd1e0dda,0,,external_in
c1542c10399a09a5471799133c472a6652d5cb3b7b421e1a7e80e2039f5b393b,cb7b635d35b4abbc9f9c559df94a47bed77d6fcc821fd9e0166fce6ef0795ece,0,,external_in
c1542c10399a09a5471799133c472a6652d5cb3b7b421e1a7e80e2039f5b393b,a0dca63e61ad0dd441ec23623bf78f42d725ad82a6d204a12347e5c069f2d41b,0,,external_in
c1542c10399a09a5471799133c472a6652d5cb3b7b421e1a7e80e2039f5b393b,ae0ffd681911b40966717548fc9c0b36ca2769c04ec24b0de581a28948aebb1c,0,,external_in
c1542c10399a09a5471799133c472a6652d5cb3b7b421e1a7e80e2039f5b393b,8e360fe128d1260a67d2583ccc487114eff4390de65fb8481e777eac4602f61c,0,,external_in
c1542c10399a09a5471799133c472a6652d5cb3b7b421e1a7e80e2039f5b393b,a57a7839b8f0f6d49c538962767c5cb5588b555f47de34cfd4bb7c0a17089730,0,,external_in
c1542c10399a09a5471799133c472a6652d5cb3b7b421e1a7e80e2039f5b393b,942593e0aa3ec2d08e7451e54f68817d9296ffe98f9280b0dabcb22124c7a931,0,,external_in
c1542c10399a09a5471799133c472a6652d5cb3b7b421e1a7e80e2039f5b393b,4f6e6fc1820dabe640b3bb49017c78a11a2f79af29c7b230782e6c5d9cc15e36,0,,external_in
c1542c10399a09a5471799133c472a6652d5cb3b7b421e1a7e80e2039f5b393b,78c0c38ca6fc753a3b57983d02485804f17c38805370591807c60fd367070f3a,0,,external_in
c1542c10399a09a5471799133c472a6652d5cb3b7b421e1a7e80e2039f5b393b,83d3478f25d93d1370621371bd92f2e96e9afb03abd3a00b4498ecd7c044e257,0,,external_in
c1542c10399a09a5471799133c472a6652d5cb3b7b421e1a7e80e2039f5b393b,8a9b08e092ecb3f9897aeb9434d97df184413579253b0d45d071f1ac4af4c15b,0,,external_in
c1542c10399a09a5471799133c472a6652d5cb3b7b421e1a7e80e2039f5b393b,0a9a3f99540c34113a8ef23be87585a21d154239aeaf8eeafc74a7fb6f86098f,0,,external_in
c1542c10399a09a5471799133c472a6652d5cb3b7b421e1a7e80e2039f5b393b,1d827b2c73a9d4652b8446024a41dbec5d19d839613b8666ae76a9041c29688f,0,,external_in
c1542c10399a09a5471799133c472a6652d5cb3b7b421e1a7e80e2039f5b393b,79030102596081132686854d39a6cb5cecd073e6c3e119897e2f21f6b61a4ec1,0,,external_in
c1542c10399a09a5471799133c472a6652d5cb3b7b421e1a7e80e2039f5b393b,67da5cd4951b5548e6a5063359460da6a421429b4d2d4ca23515288feb11a15f,0,,external_in
a01e8625d653f4a8686b5b9e20ca653e59ebcd8bf2ca2a7b8370fdc52417f7b9,53ae86951b38d91cc01a90e7cf9e7089ffff0a4b81a46fcd02a104d696247cb2,0,,external_in
a01e8625d653f4a8686b5b9e20ca653e59ebcd8bf2ca2a7b8370fdc52417f7b9,7de555db92ec394ebb6050928c9b70fd34bf6fb2ed5e33e33c3f4b9dfc9e8900,0,,external_in
a01e8625d653f4a8686b5b9e20ca653e59ebcd8bf2ca2a7b8370fdc52417f7b9,1c1479726fd2832bae02564234e2eb59f6eedb36ed1b74acf4f557006eb9540e,0,,external_in
a01e8625d653f4a8686b5b9e20ca653e59ebcd8bf2ca2a7b8370fdc52417f7b9,1a5b286ce3e440fade57d07c23484996f70049ddc11123d79875b99aa9dfc914,0,,external_in
a01e8625d653f4a8686b5b9e20ca653e59ebcd8bf2ca2a7b8370fdc52417f7b9,bb5f99b53d66282d920c00c4cdb0ca32309f14754dfa43ae3beca55e85cba934,0,,external_in
a01e8625d653f4a8686b5b9e20ca653e59ebcd8bf2ca2a7b8370fdc52417f7b9,d10c6b53dd83a3c337399e13b321f9661e4618c767f2a148c19327563e09573c,0,,external_in
a01e8625d653f4a8686b5b9e20ca653e59ebcd8bf2ca2a7b8370fdc52417f7b9,2a1d66ec1e63ec0c756aaa189051ac79b54190cc78881033d8df6abdfa751d61,0,,external_in
a01e8625d653f4a8686b5b9e20ca653e59ebcd8bf2ca2a7b8370fdc52417f7b9,140f0c2e4f95c046c2361181ee67e4922a27fc9db0e31d64d46467470c86fc6a,0,,external_in
a01e8625d653f4a8686b5b9e20ca653e59ebcd8bf2ca2a7b8370fdc52417f7b9,7176b077494c85a7fbc34c174fc75e4d009c2a294de6884de22ad9256a15216e,0,,external_in
a01e8625d653f4a8686b5b9e20ca653e59ebcd8bf2ca2a7b8370fdc52417f7b9,ebcd6115961bcef1a4bad384000dc4fa4d66cafc24d029bbec340a084f95a76e,0,,external_in
a01e8625d653f4a8686b5b9e20ca653e59ebcd8bf2ca2a7b8370fdc52417f7b9,61ffbaef642a5810196d6bee7f918eb15f3492764ec63806c76c4b29a6f32f8e,0,,external_in
a01e8625d653f4a8686b5b9e20ca653e59ebcd8bf2ca2a7b8370fdc52417f7b9,05258574937feee15ca3b62d3adf7e6419c0d8eacd7d9cf1da2f3a9b4cbc4791,0,,external_in
a01e8625d653f4a8686b5b9e20ca653e59ebcd8bf2ca2a7b8370fdc52417f7b9,53b6990a5ff193acc212287463b0eb183018c67935debffd061ccba0187612b6,0,,external_in
a01e8625d653f4a8686b5b9e20ca653e59ebcd8bf2ca2a7b8370fdc52417f7b9,3c660aac73dc85dfbba77e3697ce9e29166b05b4931952125eafb337c174f9c1,0,,external_in
a01e8625d653f4a8686b5b9e20ca653e59ebcd8bf2ca2a7b8370fdc52417f7b9,de84f6f0dab5da79cc78799c254406646f232fc2246c0cf2ecae8ea3600bd9c9,0,,external_in
a01e8625d653f4a8686b5b9e20ca653e59ebcd8bf2ca2a7b8370fdc52417f7b9,a872861d4cc200139f804cfbeb687015ed3b2eb7c4c490077ef537c5bb1143d2,0,,external_in
a01e8625d653f4a8686b5b9e20ca653e59ebcd8bf2ca2a7b8370fdc52417f7b9,9a18605e2f78a5e2c20e3c7546893b042266762e9e1db599c00072dea802d8df,0,,external_in
a01e8625d653f4a8686b5b9e20ca653e59ebcd8bf2ca2a7b8370fdc52417f7b9,f5966121a6d69fac636c9b9148c9454cf19387bd153def1de1c77e1ff0a7a828,0,,external_in
a01e8625d653f4a8686b5b9e20ca653e59ebcd8bf2ca2a7b8370fdc52417f7b9,8945c36e6e93fa0128a64bc8a2dc36f042652f8d7f50930dd6250f34b93dc72f,0,,external_in
a01e8625d653f4a8686b5b9e20ca653e59ebcd8bf2ca2a7b8370fdc52417f7b9,9e5cc64874aa80076765b0ab06d6858c4f16b32dbe5c3f504a9695b49cfd953c,0,,external_in
a01e8625d653f4a8686b5b9e20ca653e59ebcd8bf2ca2a7b8370fdc52417f7b9,c0c0100357741223008b3d543d248b0be2fa2a4ebb17b113729298088951774b,0,,external_in
a01e8625d653f4a8686b5b9e20ca653e59ebcd8bf2ca2a7b8370fdc52417f7b9,a3559b089d1bd48c6c395c47e0d86e81565342edf8979548337f022f39842356,0,,external_in
a01e8625d653f4a8686b5b9e20ca653e59ebcd8bf2ca2a7b8370fdc52417f7b9,85981e0d4245c10cdba9c1d869cc0db10505da89bb2936e464a63b5b21e9095b,0,,external_in
a01e8625d653f4a8686b5b9e20ca653e59ebcd8bf2ca2a7b8370fdc52417f7b9,3c940d05069c830176016044cf23cd8ed727bb078a0d5c8cca54cd7013b09f71,0,,external_in
a01e8625d653f4a8686b5b9e20ca653e59ebcd8bf2ca2a7b8370fdc52417f7b9,e970f755be8b9926f319157d1362926ba4b0b62e28bbccf7667d5b242c010f7c,0,,external_in
a01e8625d653f4a8686b5b9e20ca653e59ebcd8bf2ca2a7b8370fdc52417f7b9,2f3162731462b52420ef5954c7d634f0c2a779dae3688795b53d5a9eed15508c,0,,external_in
a01e8625d653f4a8686b5b9e20ca653e59ebcd8bf2ca2a7b8370fdc52417f7b9,47c5dd87328ae082e876f4e23c2eb253e861f1525293063d92b45a43e183b697,0,,external_in
a01e8625d653f4a8686b5b9e20ca653e59ebcd8bf2ca2a7b8370fdc52417f7b9,5c57cad54308ffac804dbaee849bdcddc03b520148009a10f85427958773109a,0,,external_in
a01e8625d653f4a8686b5b9e20ca653e59ebcd8bf2ca2a7b8370fdc52417f7b9,8ef8d8e2f58a1b9765c5df7ac576abcb817cfea17c31e03df923070d984f54a6,0,,external_in
a01e8625d653f4a8686b5b9e20ca653e59ebcd8bf2ca2a7b8370fdc52417f7b9,8a77887d58c01356e03a2c78af159908ef3274abf93945309b86e9b3e797d4ac,0,,external_in
a01e8625d653f4a8686b5b9e20ca653e59ebcd8bf2ca2a7b8370fdc52417f7b9,a23f334f08af6e56fa7553bc204c3b9e04f8c6f0e93f3c9bf300ef0a0ba8e3b1,0,,external_in
a01e8625d653f4a8686b5b9e20ca653e59ebcd8bf2ca2a7b8370fdc52417f7b9,c926f0d9a2311ccb422de595908bd8c9c7c5332a8c78a39a33645a26076400ca,0,,external_in
a01e8625d653f4a8686b5b9e20ca653e59ebcd8bf2ca2a7b8370fdc52417f7b9,5ce5a1e96c64eb1d917f1ae6883f47a86c2a06e42709cc77fbdbb5256492ecdd,0,,external_in
a01e8625d653f4a8686b5b9e20ca653e59ebcd8bf2ca2a7b8370fdc52417f7b9,66db18121392ec6b65887c36ea303407533f38ed176a01f819d5f2aacd862872,0,,external_in
9e42c7ab6f47dadc0c36d22fb20f69c9db0daa5c719cd8ff83c8ecf250efa519,861aabba7b2368bc257a619c00a4f489f62db8b049832563fca2d2babc083f8f,0,,external_in
9e42c7ab6f47dadc0c36d22fb20f69c9db0daa5c719cd8ff83c8ecf250efa519,5fea9afbdfe8b762270eaa00c6ed3367cc5d3e7ecd8b910b252ea17d79dce11a,0,,external_in
9e42c7ab6f47dadc0c36d22fb20f69c9db0daa5c719cd8ff83c8ecf250efa519,7e0f617e3b91de6b18ba322face33d6c3c7ad1e0a7d752706f0a92c8852d08e0,0,,external_in
dcd31fa39202c9018dfb28e17da108dd3bd6b98ffc1cd30040f636012e3236ee,f808c0b199f58a86aa00b08547a9641915bb6e295ec9e88dfbb024d6f39e975a,0,,external_in
dcd31fa39202c9018dfb28e17da108dd3bd6b98ffc1cd30040f636012e3236ee,18f1034840182c0e8418ffe09807a93c1f9ffe7c984fd05f729ab452b4d4bde4,0,,external_in
dcd31fa39202c9018dfb28e17da108dd3bd6b98ffc1cd30040f636012e3236ee,d49d5af7d699e86683555fc876cae0fd8a763f1669594a2cbc3b8324926f12e4,0,,external_in
dcd31fa39202c9018dfb28e17da108dd3bd6b98ffc1cd30040f636012e3236ee,fb51a4908d143cca1aa313cf7e44fc9137f8fb91d053a042af8654bc7205afd7,0,,external_in
dcd31fa39202c9018dfb28e17da108dd3bd6b98ffc1cd30040f636012e3236ee,7b7da6e80a02fc655357813535130333cb04c2ded20581d640a3ed7c2176f1d6,0,,external_in
dcd31fa39202c9018dfb28e17da108dd3bd6b98ffc1cd30040f636012e3236ee,0a81168052759c6f9f19256032e193d1c67921822d3ea33eab0b1336cb05f1d3,0,,external_in
dcd31fa39202c9018dfb28e17da108dd3bd6b98ffc1cd30040f636012e3236ee,88893fe14a7eb3a07a4b696edc8f46d4f636a699dd77dd9d25e9a808b9ee3bd2,0,,external_in
dcd31fa39202c9018dfb28e17da108dd3bd6b98ffc1cd30040f636012e3236ee,b07060185679ad57935e174bbdf95074ca78ca2145e0b1e042ae6f7a96b18ed1,0,,external_in
dcd31fa39202c9018dfb28e17da108dd3bd6b98ffc1cd30040f636012e3236ee,f017c48782eb9d2e722932c74e88f66f69636521225de54714dd091202111abe,0,,external_in
dcd31fa39202c9018dfb28e17da108dd3bd6b98ffc1cd30040f636012e3236ee,3716522ba9615ecb53ef25b9253eb44a368144fdd3fb4cde4b134b56786b3db9,0,,external_in
dcd31fa39202c9018dfb28e17da108dd3bd6b98ffc1cd30040f636012e3236ee,5dd4bd671bf30d12c3d8a5d82e2b8172b297cefebcbb5291ddd67cbfb090b2b4,0,,external_in
dcd31fa39202c9018dfb28e17da108dd3bd6b98ffc1cd30040f636012e3236ee,0bb70e462afc4fb563f247332ab1c2dd957d70f7b4b00022789847aef25ffea7,0,,external_in
dcd31fa39202c9018dfb28e17da108dd3bd6b98ffc1cd30040f636012e3236ee,886ee2d0aea97e873803748b1eab3a18ec2c435280a5a3f6082417cd206adaa4,0,,external_in
dcd31fa39202c9018dfb28e17da108dd3bd6b98ffc1cd30040f636012e3236ee,233dfba11e09fd1be107d6bd0cd933fe061ec8deb0b4aedd24812a6cf20e6399,0,,external_in
dcd31fa39202c9018dfb28e17da108dd3bd6b98ffc1cd30040f636012e3236ee,221dc008e932cf26584b78c2e21086b1a45e45f082523d7ac4a75a4db21c6f90,0,,external_in
dcd31fa39202c9018dfb28e17da108dd3bd6b98ffc1cd30040f636012e3236ee,64344ccdcc044aa612502ea4e953e0ed3429af292f5916f7d22d85d2254c3f82,0,,external_in
dcd31fa39202c9018dfb28e17da108dd3bd6b98ffc1cd30040f636012e3236ee,28b682d472ceed18099206366d9c8ca0b7ea24871d54e001790c007ff24cf56b,0,,external_in
dcd31fa39202c9018dfb28e17da108dd3bd6b98ffc1cd30040f636012e3236ee,96dbfa084484a2cdb82abe3559a4cfa0cc89a26b0bff85b541acf04f6b835c6a,0,,external_in
dcd31fa39202c9018dfb28e17da108dd3bd6b98ffc1cd30040f636012e3236ee,5efe66220c3af0ecb47df1e7da99681a70ec6193f999ca65b42928b4849a2a64,0,,external_in
dcd31fa39202c9018dfb28e17da108dd3bd6b98ffc1cd30040f636012e3236ee,eba50cbc383620d3e323b5a387ec14055f8a45b8e059bfa79168908d7ab06663,0,,external_in
dcd31fa39202c9018dfb28e17da108dd3bd6b98ffc1cd30040f636012e3236ee,121dfca2968cd20508e3487c470172b201d52433affc5ed0f19993f45e03dc58,0,,external_in
dcd31fa39202c9018dfb28e17da108dd3bd6b98ffc1cd30040f636012e3236ee,d214d7f1794152a43a35b46f0307830285eaba852774b9eb1932cc2c7e7dce56,0,,external_in
dcd31fa39202c9018dfb28e17da108dd3bd6b98ffc1cd30040f636012e3236ee,c510870ca4b980409f02d8b466bab8647c758025a02d3b03d5c5b6785de8ba48,0,,external_in
dcd31fa39202c9018dfb28e17da108dd3bd6b98ffc1cd30040f636012e3236ee,2a2fe42b7af64a96d2b0cafe0602bd581b9ff64c0ef82b528dc7916c1d216b48,0,,external_in
dcd31fa39202c9018dfb28e17da108dd3bd6b98ffc1cd30040f636012e3236ee,74357d062e6f834c830fffea0d48568fd6377f7738977699ec1a919ba4918134,0,,external_in
dcd31fa39202c9018dfb28e17da108dd3bd6b98ffc1cd30040f636012e3236ee,7ca16330858f504dfebd47f7aff50f5b158591b5a03b3bb77556a6b639c04e31,0,,external_in
dcd31fa39202c9018dfb28e17da108dd3bd6b98ffc1cd30040f636012e3236ee,dfc802cc21bc72b94e63752bb36fb95e235b29132829046f657d893c810d392f,0,,external_in
dcd31fa39202c9018dfb28e17da108dd3bd6b98ffc1cd30040f636012e3236ee,420c0d14bb5875004f28e23ac0150bee35f5680166281192753838391b618e2a,0,,external_in
dcd31fa39202c9018dfb28e17da108dd3bd6b98ffc1cd30040f636012e3236ee,5d3aa8b227a259e655390e559e65d5f42a19f97609312f5249a5774d090f6626,0,,external_in
dcd31fa39202c9018dfb28e17da108dd3bd6b98ffc1cd30040f636012e3236ee,3230cd5ac64ddab8263ce37537d9552f07a6f29b14c15c4f7f5ac4db0601a812,0,,external_in
dcd31fa39202c9018dfb28e17da108dd3bd6b98ffc1cd30040f636012e3236ee,091e72ca26f45106bd32f8c367958e93ca5a79de4d1fbbb0123d5647e62bb60c,0,,external_in
dcd31fa39202c9018dfb28e17da108dd3bd6b98ffc1cd30040f636012e3236ee,ccc6d4cd5719b3423f66eff76dbbcfb7df289f42bdc6f94cebf210a761ea0b07,0,,external_in
dcd31fa39202c9018dfb28e17da108dd3bd6b98ffc1cd30040f636012e3236ee,b256b64627e858064101405702bccd1cd74cc4c46a5e08843e2cda8ba9279f00,0,,external_in
dcd31fa39202c9018dfb28e17da108dd3bd6b98ffc1cd30040f636012e3236ee,3190120127c33b46453456dda65e1c6e609199ecb8959992c8e2d7939c243ff0,0,,external_in
dcd31fa39202c9018dfb28e17da108dd3bd6b98ffc1cd30040f636012e3236ee,58ad80d224572a1f939d5d7073f3f19424b56aa381e985163e337731aedcd8eb,0,,external_in
dcd31fa39202c9018dfb28e17da108dd3bd6b98ffc1cd30040f636012e3236ee,8016b44946070c644c0fb3ee85c374f0cc0dfdfc04c17d4d09f64970d1c433e9,0,,external_in
dcd31fa39202c9018dfb28e17da108dd3bd6b98ffc1cd30040f636012e3236ee,0f8cf6e57eefb446e20cab01afc1478f80321ec5a0aad54de3bf95da511b5ecd,0,,external_in
dcd31fa39202c9018dfb28e17da108dd3bd6b98ffc1cd30040f636012e3236ee,a9d71988f01a79031d41f9e9784d4e9f7ea0e69d24625cca1afa3f8391cde195,0,,external_in
dcd31fa39202c9018dfb28e17da108dd3bd6b98ffc1cd30040f636012e3236ee,3a1a32bde851ff112e48b8858d8fc7609362d3fa522397a7278e256ae3bce390,0,,external_in
dcd31fa39202c9018dfb28e17da108dd3bd6b98ffc1cd30040f636012e3236ee,9df0545ebc9960c59555953d8a150911be3cfe23cd354affa83a2d45be9b397f,0,,external_in
dcd31fa39202c9018dfb28e17da108dd3bd6b98ffc1cd30040f636012e3236ee,9bc52523ac28e53a4e5cfeaf4dfad34a34494463eb93b1a9d811650548bc7b73,0,,external_in
dcd31fa39202c9018dfb28e17da108dd3bd6b98ffc1cd30040f636012e3236ee,76ccfba01a11ba42400ea301b1df04eb58d9e16613f2420c1371a9195ad87764,0,,external_in
dcd31fa39202c9018dfb28e17da108dd3bd6b98ffc1cd30040f636012e3236ee,64e142abb87db599857c3d4272b118a79c1102bf02c08298822cb1eb46d6b359,0,,external_in
dcd31fa39202c9018dfb28e17da108dd3bd6b98ffc1cd30040f636012e3236ee,8e5ae24a684ecdf5065843758a209955a8789adb42dee696d40653ee1260a757,0,,external_in
dcd31fa39202c9018dfb28e17da108dd3bd6b98ffc1cd30040f636012e3236ee,7f88e1a2501ec2493342106fd14bbf1b7bd0239753bf7f97852d66aa54769c49,0,,external_in
dcd31fa39202c9018dfb28e17da108dd3bd6b98ffc1cd30040f636012e3236ee,3cca60b5fe8ef4c4826c93e1854a99147734d8a1af527582b44db7b8df3e9c49,0,,external_in
dcd31fa39202c9018dfb28e17da108dd3bd6b98ffc1cd30040f636012e3236ee,908a467c98239bdaa5ee60e409dae42db6e1d34ac91472d0b862020acfbcd448,0,,external_in
dcd31fa39202c9018dfb28e17da108dd3bd6b98ffc1cd30040f636012e3236ee,9d156e9912030c4d07b2b6154779b68fdb46f591a166520f36dabe4909466b3c,0,,external_in
dcd31fa39202c9018dfb28e17da108dd3bd6b98ffc1cd30040f636012e3236ee,a96500637e9a8b86bd641a428d16e602ef8e8d33cccaccc705b8690119fdd923,0,,external_in
014123b21a99b50e28219522af50a7a970dd3f8feeb0dd1d07e4ab2d384b40d1,0f6e1866126be28ba587718cc6dec9c4719653a5328129fdcb2ab953e5bf1a7e,0,,external_in
014123b21a99b50e28219522af50a7a970dd3f8feeb0dd1d07e4ab2d384b40d1,0811b08feb6a1ba8869a8d6d3d7b9541647ba96dec73bda01f9185286fee7202,0,,external_in
014123b21a99b50e28219522af50a7a970dd3f8feeb0dd1d07e4ab2d384b40d1,238ad432fa223dc5d50c7dcc7e1d27c3bff30780d9404862d282ece74f8c0007,0,,external_in
014123b21a99b50e28219522af50a7a970dd3f8feeb0dd1d07e4ab2d384b40d1,d11f1da4ea1d9cae7db016233d5da6649cc8cfbf5c436b39b645f1c12da2300b,0,,external_in
014123b21a99b50e28219522af50a7a970dd3f8feeb0dd1d07e4ab2d384b40d1,0d135bbcec435626c12c3c99ff7685443aa06c8e99808eda0d652138896b740e,0,,external_in
014123b21a99b50e28219522af50a7a970dd3f8feeb0dd1d07e4ab2d384b40d1,628c2dd523371190a2fd2452238f4f3a3cd13ee789b95207532d821a47e7211b,0,,external_in
014123b21a99b50e28219522af50a7a970dd3f8feeb0dd1d07e4ab2d384b40d1,e30e669941b3b8ec336c3d046f65a76a1bb9bfc2a8125103fc3df7bafbe86420,0,,external_in
014123b21a99b50e28219522af50a7a970dd3f8feeb0dd1d07e4ab2d384b40d1,6e24fb0356ac2b2626e3a3e271ad190d5b7943c2a69e82dd71fc6db62f9fcf2c,0,,external_in
014123b21a99b50e28219522af50a7a970dd3f8feeb0dd1d07e4ab2d384b40d1,355c3eac8ca8666880178d30a7ca97a78e58c8f318fccf7d7e4eb1a01e84eb2c,0,,external_in
014123b21a99b50e28219522af50a7a970dd3f8feeb0dd1d07e4ab2d384b40d1,69af66da23cfb4aee9b9fea79301289534c51aa0fa4eb29eef84d516aeb05f32,0,,external_in
014123b21a99b50e28219522af50a7a970dd3f8feeb0dd1d07e4ab2d384b40d1,a6ec639c152170ef2d41b0f13ea7f48774961961783767cb5ad5612d972f3d3b,0,,external_in
014123b21a99b50e28219522af50a7a970dd3f8feeb0dd1d07e4ab2d384b40d1,5150e8370b2e288da9a19df47a508d414c4b44d118b65a555b208aec27ebb840,0,,external_in
014123b21a99b50e28219522af50a7a970dd3f8feeb0dd1d07e4ab2d384b40d1,f8afbf1f5ace806b7d739cc6970b5a3a8dee46c67a742ce6cead881e9d594c41,0,,external_in
014123b21a99b50e28219522af50a7a970dd3f8feeb0dd1d07e4ab2d384b40d1,6fe65e7f2e26cc8bcff109500cb851d4e67ac6794e6b3018b4964513831ef64a,0,,external_in
014123b21a99b50e28219522af50a7a970dd3f8feeb0dd1d07e4ab2d384b40d1,3b590d791c776138b5fb1ab5077ac87411d68ee3ad2eadcec71db1dc6eea9357,0,,external_in
014123b21a99b50e28219522af50a7a970dd3f8feeb0dd1d07e4ab2d384b40d1,b4474d3684631797c1264889f71c09c226dd8175858101413593f001806dd160,0,,external_in
014123b21a99b50e28219522af50a7a970dd3f8feeb0dd1d07e4ab2d384b40d1,07d7603a1a6a16dcbdab1146432170556c55d72cbe46d85ad3214eb4348e4764,0,,external_in
014123b21a99b50e28219522af50a7a970dd3f8feeb0dd1d07e4ab2d384b40d1,9f6353dc87afde46eb162d48fbb4542c5c78466d368993f21130aa53663cf268,0,,external_in
014123b21a99b50e28219522af50a7a970dd3f8feeb0dd1d07e4ab2d384b40d1,7f2fd6307fdea4f7623e9bf2f185f72832911fa33cdb63c92380079b5c395969,0,,external_in
014123b21a99b50e28219522af50a7a970dd3f8feeb0dd1d07e4ab2d384b40d1,6775d2712dd9503873498687ca2fb35c9c3fb1afafa95129d2c2e531f7f3d26b,0,,external_in
014123b21a99b50e28219522af50a7a970dd3f8feeb0dd1d07e4ab2d384b40d1,a226f61d085d1d368bd20aa1d8d9977dffd6ace57e35e599d1a3de1063af8d74,0,,external_in
014123b21a99b50e28219522af50a7a970dd3f8feeb0dd1d07e4ab2d384b40d1,988d1404f1d3687ff967abe2796e5eb1f5fd34576737205dc552d4cd5c3da174,0,,external_in
014123b21a99b50e28219522af50a7a970dd3f8feeb0dd1d07e4ab2d384b40d1,38fdce796c49f4c71372d8e281c2aeac2674150af8b9c2d1bfe4436484511f7f,0,,external_in
014123b21a99b50e28219522af50a7a970dd3f8feeb0dd1d07e4ab2d384b40d1,8853dc74f655ecf9b32bc549b4ae3560a09f288d3309d131a06f8f7259748986,0,,external_in
014123b21a99b50e28219522af50a7a970dd3f8feeb0dd1d07e4ab2d384b40d1,04ae64a602cdf6182f41a3ff4397425fde83290d07dad87a6122e45b79652b8e,0,,external_in
014123b21a99b50e28219522af50a7a970dd3f8feeb0dd1d07e4ab2d384b40d1,52fbaec8500305afdd4404e13761acb13fcc05120ce768b96523ced34d0e6a90,0,,external_in
014123b21a99b50e28219522af50a7a970dd3f8feeb0dd1d07e4ab2d384b40d1,f82e1331bda6d91e861a14d966fc507ee31201116462e8c49b5dc0c4eb661d91,0,,external_in
014123b21a99b50e28219522af50a7a970dd3f8feeb0dd1d07e4ab2d384b40d1,ca890ff1186ec69f52013012a05a65f65006f2b0192845b6f8ff99dde1d1aa9c,0,,external_in
014123b21a99b50e28219522af50a7a970dd3f8feeb0dd1d07e4ab2d384b40d1,46839e460db4f3ecd1899c0e68aa7b68cbad38eeb852e2d465412ff912d15ba1,0,,external_in
014123b21a99b50e28219522af50a7a970dd3f8feeb0dd1d07e4ab2d384b40d1,4afc59989695a1119ff52ca20d3f630ee62daa0b9e6e0d94173ae95e3bc368a5,0,,external_in
014123b21a99b50e28219522af50a7a970dd3f8feeb0dd1d07e4ab2d384b40d1,8104d21f2e0303e8ae2238a6188d83a4e70b22ce2872122e173521967521c1a9,0,,external_in
014123b21a99b50e28219522af50a7a970dd3f8feeb0dd1d07e4ab2d384b40d1,e7ae43866d53dd26fec8515cce3576532d8ed645de8b71ca9e3b5c72947e65af,0,,external_in
014123b21a99b50e28219522af50a7a970dd3f8feeb0dd1d07e4ab2d384b40d1,5faf42f461dde2b32818b43cce5ec33c2e1b00d816351b25aede0678943753b4,0,,external_in
014123b21a99b50e28219522af50a7a970dd3f8feeb0dd1d07e4ab2d384b40d1,fceadadecc962a7d37b30de9c89776cedd85e88d4bbd6e27632736fb163035b5,0,,external_in
014123b21a99b50e28219522af50a7a970dd3f8feeb0dd1d07e4ab2d384b40d1,94a6f1ef0480e4de1ce4dd3466b0d5ac8c0f323a815542e73359ef8fa7a7e1be,0,,external_in
014123b21a99b50e28219522af50a7a970dd3f8feeb0dd1d07e4ab2d384b40d1,7479a8188242fed66d617c475ce2a0aae602d6ee9c1fd20f7354ac4f96556cc1,0,,external_in
014123b21a99b50e28219522af50a7a970dd3f8feeb0dd1d07e4ab2d384b40d1,f1512729185c8d3d298f65c7e76ba65810d84ab66e305bdc444e5a85d85698c3,0,,external_in
014123b21a99b50e28219522af50a7a970dd3f8feeb0dd1d07e4ab2d384b40d1,127349b2601b34fe56796b6ac40f37610be962b208a3a85812e1487d515dadc5,0,,external_in
014123b21a99b50e28219522af50a7a970dd3f8feeb0dd1d07e4ab2d384b40d1,037d994fefb941ae49087751c68aab8802ec79a7843ca5d28918ddc25172cfdb,0,,external_in
014123b21a99b50e28219522af50a7a970dd3f8feeb0dd1d07e4ab2d384b40d1,e9dffa04c33368aeb4ef3e904c9ae77f60f19179e59a12ac69040faf87ab77e7,0,,external_in
014123b21a99b50e28219522af50a7a970dd3f8feeb0dd1d07e4ab2d384b40d1,18ce9ba2397d1d496ad2863dd49f38b887077b8035992f3250ef81a992b105e8,0,,external_in
014123b21a99b50e28219522af50a7a970dd3f8feeb0dd1d07e4ab2d384b40d1,6e00d1f317e65c1f53db7914ee5151324c2e21b05b2dc0e5e2f0b4d5c6c88ceb,0,,external_in
014123b21a99b50e28219522af50a7a970dd3f8feeb0dd1d07e4ab2d384b40d1,3395a443513250a3b102c8afd669fe60cb31cd5fc9ff796ce52fc9ceae2b56f0,0,,external_in
014123b21a99b50e28219522af50a7a970dd3f8feeb0dd1d07e4ab2d384b40d1,e84eda16e602b27ecff7c590d00016844d45815da0d03ccf235aa82792b71d05,0,,external_in
014123b21a99b50e28219522af50a7a970dd3f8feeb0dd1d07e4ab2d384b40d1,f4e58ee391dff24f7ae3c31a4cad455cd298cd0023e0b297e93bf143fc100609,0,,external_in
014123b21a99b50e28219522af50a7a970dd3f8feeb0dd1d07e4ab2d384b40d1,61384131658a1690fe55c78cfe6270e5dd970bb6bb21336898568e772bbcde1a,0,,external_in
014123b21a99b50e28219522af50a7a970dd3f8feeb0dd1d07e4ab2d384b40d1,6a3355d5d6248c9fd582907d2d88f0868249f09c0f5cc63a1418449f7735081b,0,,external_in
014123b21a99b50e28219522af50a7a970dd3f8feeb0dd1d07e4ab2d384b40d1,ffa55000c0d12c6a33b0d712560b58280215061a0afeea51c80ee9b8c8e45124,0,,external_in
014123b21a99b50e28219522af50a7a970dd3f8feeb0dd1d07e4ab2d384b40d1,9a67329e509d771d372864fe9869877ac9d6f96ecdeefab313ff7d87d32bc42a,0,,external_in
014123b21a99b50e28219522af50a7a970dd3f8feeb0dd1d07e4ab2d384b40d1,015e4eff0749580721635c4cb0c7f52bda2e19a8cc9aabc223b43f42dfe3ab35,0,,external_in
014123b21a99b50e28219522af50a7a970dd3f8feeb0dd1d07e4ab2d384b40d1,d02bb90d79b259315569a83270294ae8b4a7b63ecacb18a40a6cb9b0dc837737,0,,external_in
014123b21a99b50e28219522af50a7a970dd3f8feeb0dd1d07e4ab2d384b40d1,10b7df85c67aa3eb75d81bd261ba0b3e56a12a384c31f79762a701b0f8899337,0,,external_in
014123b21a99b50e28219522af50a7a970dd3f8feeb0dd1d07e4ab2d384b40d1,4b04229b01729752a2e5edcaa27f6e3a3323b761cb5192059591a40c13fa0a3d,0,,external_in
014123b21a99b50e28219522af50a7a970dd3f8feeb0dd1d07e4ab2d384b40d1,4b70118601b20ce5d8a78151fd3d30ce5a54d5d650925b3884951967ab713544,0,,external_in
014123b21a99b50e28219522af50a7a970dd3f8feeb0dd1d07e4ab2d384b40d1,0eb4cd044bd620993101ea6d15737ab4960c7f88308c7a954a5c5dc1f6e51e45,0,,external_in
014123b21a99b50e28219522af50a7a970dd3f8feeb0dd1d07e4ab2d384b40d1,e8657cfdb3e930f9210cdb5bca221cec0fb22c7cea949a82d4f4c7469c3b8a4c,0,,external_in
014123b21a99b50e28219522af50a7a970dd3f8feeb0dd1d07e4ab2d384b40d1,7679b2ba3cca522b9d44b0317e4b6c812a739c458149edbbfb2ae208ef7ed05a,0,,external_in
014123b21a99b50e28219522af50a7a970dd3f8feeb0dd1d07e4ab2d384b40d1,9709e78781cf37c28335e8209b5b0fb39bf61730a99efc0bc4dcf13af2fcc35b,0,,external_in
014123b21a99b50e28219522af50a7a970dd3f8feeb0dd1d07e4ab2d384b40d1,8eda64e289419da9276c2ce1838694c9f7142a74b6bb08613fc3d83f30eb385e,0,,external_in
014123b21a99b50e28219522af50a7a970dd3f8feeb0dd1d07e4ab2d384b40d1,43ea42db542368fd68245d499e084aff8d35d1c303b6fab91c64aca64557a76e,0,,external_in
014123b21a99b50e28219522af50a7a970dd3f8feeb0dd1d07e4ab2d384b40d1,69daec2e1e75cc9c1e17b4d127d20ee53e53a23db364570987718dac19e6a870,0,,external_in
014123b21a99b50e28219522af50a7a970dd3f8feeb0dd1d07e4ab2d384b40d1,541bc99a2e3adaefb071d4b6316df9339943bd9f5eb90f7b8b254f355c462d77,0,,external_in
014123b21a99b50e28219522af50a7a970dd3f8feeb0dd1d07e4ab2d384b40d1,83cc90d7d38d2597651658aca95242330935f3b69a6b2d209886c0b841b3187c,0,,external_in
014123b21a99b50e28219522af50a7a970dd3f8feeb0dd1d07e4ab2d384b40d1,e9445c169fcb827496ebb2aecc30f5e3d2454616f02f346ff39d78930cc54983,0,,external_in
014123b21a99b50e28219522af50a7a970dd3f8feeb0dd1d07e4ab2d384b40d1,a654f6a8d9051d4b21d2995bd4da3f9bb243cda3ff27d78e1d20bcef3c083589,0,,external_in
014123b21a99b50e28219522af50a7a970dd3f8feeb0dd1d07e4ab2d384b40d1,63c562922ab954e79ca7c8a54fc9cd0bd065599b6adff9c5457a523716bc409a,0,,external_in
014123b21a99b50e28219522af50a7a970dd3f8feeb0dd1d07e4ab2d384b40d1,8c7a2cd2163bdaeef3882e3baabc2d0e1df813c95bbe7a02e7637b619a909d9a,0,,external_in
014123b21a99b50e28219522af50a7a970dd3f8feeb0dd1d07e4ab2d384b40d1,2f8422b671f5667295bd801327fd121ff11093dde40fdda7d947cd563ae2b29d,0,,external_in
014123b21a99b50e28219522af50a7a970dd3f8feeb0dd1d07e4ab2d384b40d1,0348707ca866c2adc1a32e7e91012fd56a59bd637d1693fe8e003cf61a297da2,0,,external_in
014123b21a99b50e28219522af50a7a970dd3f8feeb0dd1d07e4ab2d384b40d1,3b1985d0d6947df3b42d36548e457553307ba7c7ca88924a1fcc4439f1c291a5,0,,external_in
014123b21a99b50e28219522af50a7a970dd3f8feeb0dd1d07e4ab2d384b40d1,276d52b9605d2b4d616ddf2fcafd2f0f240d05fcd033bd20c0f85277442f32b1,0,,external_in
014123b21a99b50e28219522af50a7a970dd3f8feeb0dd1d07e4ab2d384b40d1,352123a3a4a564780798eb9c4c518ec3c46f189a2590292fa80011a7667110b4,0,,external_in
014123b21a99b50e28219522af50a7a970dd3f8feeb0dd1d07e4ab2d384b40d1,d38e828537d5b011d9cd11774039c01b65d148407d10ed26dc353f5b94c3d2b5,0,,external_in
014123b21a99b50e28219522af50a7a970dd3f8feeb0dd1d07e4ab2d384b40d1,8926345e8b872bebefd1d32f8a0c7c6d40c794e6d665946cc4be55fe92bca7b7,0,,external_in
014123b21a99b50e28219522af50a7a970dd3f8feeb0dd1d07e4ab2d384b40d1,5d18256f1c636385b7ade6f0f5282e147e550e834e041b08227cf1008d3e7bca,0,,external_in
014123b21a99b50e28219522af50a7a970dd3f8feeb0dd1d07e4ab2d384b40d1,366c825993a5edff3619a4fcb3252c061db5f6822150236c04daaede4ec894cf,0,,external_in
014123b21a99b50e28219522af50a7a970dd3f8feeb0dd1d07e4ab2d384b40d1,87db7e6a5f629d2c571a0b388757db0c6d3c3bae34e373c001422e8be2e700e4,0,,external_in
014123b21a99b50e28219522af50a7a970dd3f8feeb0dd1d07e4ab2d384b40d1,67787465fc933af4774932d0357cc706dddd6f966ee4d2929b65852c6a52aae6,0,,external_in
014123b21a99b50e28219522af50a7a970dd3f8feeb0dd1d07e4ab2d384b40d1,137f9efe1b93a751d7b30fb8a2255745bf70fb282471c69d74aff566d477bce7,0,,external_in
014123b21a99b50e28219522af50a7a970dd3f8feeb0dd1d07e4ab2d384b40d1,fbdb7848cc7b6a17f0c28faea81b7076faee95b351addded304466d1c0a4c0ed,0,,external_in
014123b21a99b50e28219522af50a7a970dd3f8feeb0dd1d07e4ab2d384b40d1,479d54f68a70145a39fcdbda71bd836357196f70668a76faf2629b52a18afaf5,0,,external_in
014123b21a99b50e28219522af50a7a970dd3f8feeb0dd1d07e4ab2d384b40d1,381a623652499232b7d2551c4f93508d71db8b1e3b2df456f980a8e4c7b505fe,0,,external_in
d68175766b70f7163aec93e5a4e81480a6c6dd51d0577319d6f3392e8725f53b,d547bc43bbea87478c791aa3473f39406b3cb80253471f974f8a2c7fef3cbc6a,0,,external_in
d68175766b70f7163aec93e5a4e81480a6c6dd51d0577319d6f3392e8725f53b,e2458de4f366224ae2a11fbaf43e7f03c43f2d1393f15fdcbab3ee9297ca65fe,0,,external_in
d68175766b70f7163aec93e5a4e81480a6c6dd51d0577319d6f3392e8725f53b,aebeddeeead5de2805fb3e7ab53ac2b68287ff8b9a802b95c318e318242eb703,0,,external_in
d68175766b70f7163aec93e5a4e81480a6c6dd51d0577319d6f3392e8725f53b,ccdf721d7733c891090a7b64c1d8b241acb828cb290dad4848e0936eff4cdc07,0,,external_in
d68175766b70f7163aec93e5a4e81480a6c6dd51d0577319d6f3392e8725f53b,ad1bff3f30148f74108b6918547e473912efe80c9a370b7f1c0738ef6626550c,0,,external_in
d68175766b70f7163aec93e5a4e81480a6c6dd51d0577319d6f3392e8725f53b,a5ee2f56124bc7deeaa54888bc68391bd6e42d614b4df469a72416457790521a,0,,external_in
d68175766b70f7163aec93e5a4e81480a6c6dd51d0577319d6f3392e8725f53b,e4827b0e1cddbcd94a18380f78e7988b4f1c4370a90b00eaade909ff0b070d31,0,,external_in
d68175766b70f7163aec93e5a4e81480a6c6dd51d0577319d6f3392e8725f53b,5b7e4a79e725a68246f24792aebd4240350a71fb23fa41b5b7f29801f483d532,0,,external_in
d68175766b70f7163aec93e5a4e81480a6c6dd51d0577319d6f3392e8725f53b,f291c427ab67bd5fea350bd8e9265507de678e4a0bf733da37f4f364aa63023a,0,,external_in
d68175766b70f7163aec93e5a4e81480a6c6dd51d0577319d6f3392e8725f53b,a750cf5e0fe93091d240bdc800859f4cd397129fac7cf3316a7f83f72f9f4e42,0,,external_in
d68175766b70f7163aec93e5a4e81480a6c6dd51d0577319d6f3392e8725f53b,c972f8f4684c01ed8cb53479ca58bde9d519a3757ddc887a2a5dd70a6e8b8742,0,,external_in
d68175766b70f7163aec93e5a4e81480a6c6dd51d0577319d6f3392e8725f53b,c5f75f53bf3dc1e65b5dadc88f96f89ad199d6eac568a480de65b94590cc4745,0,,external_in
d68175766b70f7163aec93e5a4e81480a6c6dd51d0577319d6f3392e8725f53b,6a029a115be6c724c3e6c3464b7c6552e45799e79ddc0559377fec83bac3b64d,0,,external_in
d68175766b70f7163aec93e5a4e81480a6c6dd51d0577319d6f3392e8725f53b,0d94bc8c8b627d376d6a8d97897733c334b935511b9b36edbb80714476adc150,0,,external_in
d68175766b70f7163aec93e5a4e81480a6c6dd51d0577319d6f3392e8725f53b,65b1c361bb4def241edf0ead1da55deae91095e0be943e42ced666f80f490059,0,,external_in
d68175766b70f7163aec93e5a4e81480a6c6dd51d0577319d6f3392e8725f53b,00e8085589cb85db711f3f4e67f62ef2ce6fad6b2693898a574f64ca622fa06f,0,,external_in
d68175766b70f7163aec93e5a4e81480a6c6dd51d0577319d6f3392e8725f53b,e4cd7b692754267fb6a8d4f8191cb850f2a6c3527c5ec78e15998dbbae05d575,0,,external_in
d68175766b70f7163aec93e5a4e81480a6c6dd51d0577319d6f3392e8725f53b,a1a5422d814440839cfe36f3d803c28c395a34faf282c7e4f2aaca6da21ffa82,0,,external_in
d68175766b70f7163aec93e5a4e81480a6c6dd51d0577319d6f3392e8725f53b,32c3e0b3656ceedecaf2e3c1a2cfd3def40c5357bcff33e3771dc90576751788,0,,external_in
d68175766b70f7163aec93e5a4e81480a6c6dd51d0577319d6f3392e8725f53b,d320f4c60aeca00511aaa9779b3b3eef119c14e9d52aad105b6315f4dfaff08c,0,,external_in
d68175766b70f7163aec93e5a4e81480a6c6dd51d0577319d6f3392e8725f53b,47f0c385a47f860b1de0d77e50d86f66f6e3666ebc28f6bc38f2d6f2da54ba93,0,,external_in
d68175766b70f7163aec93e5a4e81480a6c6dd51d0577319d6f3392e8725f53b,6f2e9ab06c66d8a97483db6efc2c4531ea8c3a1471ef60bfaf4205ade9f6ba9e,0,,external_in
d68175766b70f7163aec93e5a4e81480a6c6dd51d0577319d6f3392e8725f53b,6a739ffa81dd1dc06206ab3151b5969408b755a93623983549022d7acb12eea0,0,,external_in
d68175766b70f7163aec93e5a4e81480a6c6dd51d0577319d6f3392e8725f53b,c2b2d72f7c793cce4f4bd1e9e70037ecccb1622ee8fe5c347f2975aed93b70af,0,,external_in
d68175766b70f7163aec93e5a4e81480a6c6dd51d0577319d6f3392e8725f53b,38957815d81a325de0385a8960e75e28b8823dc175551a61ff6b68516a6ed5b0,0,,external_in
d68175766b70f7163aec93e5a4e81480a6c6dd51d0577319d6f3392e8725f53b,581d86cc51b66349d4e1c8ecb31fb3e6d846ba8c9e0abad86f79e8dc2ea9bfb3,0,,external_in
d68175766b70f7163aec93e5a4e81480a6c6dd51d0577319d6f3392e8725f53b,4aec3b90976e4247b012dd182e8e78e01829d13f2c843ac7cd8293b2e4942bc9,0,,external_in
d68175766b70f7163aec93e5a4e81480a6c6dd51d0577319d6f3392e8725f53b,bfa26f809163749c788830bf1b92106651d5d6ee69878803daad1e1b24e52dd1,0,,external_in
d68175766b70f7163aec93e5a4e81480a6c6dd51d0577319d6f3392e8725f53b,dc8a9d1620d27abba4819fc5ac57a4fc217a98ac8fe8b6467135d20b94d555d6,0,,external_in
d68175766b70f7163aec93e5a4e81480a6c6dd51d0577319d6f3392e8725f53b,26e6a37cb9afd6c666551aff2a62018dfdb1aa824ef7701d1ffea07a0fdaf2d6,0,,external_in
d68175766b70f7163aec93e5a4e81480a6c6dd51d0577319d6f3392e8725f53b,45403f28ce8439af517cd91f751ff673420435219e85b017b7a7edd289d64fe5,0,,external_in
d68175766b70f7163aec93e5a4e81480a6c6dd51d0577319d6f3392e8725f53b,fdaf9fd814243ab2521260a71b04479d2cd2469f6be621bc7f76abf8416bf8f0,0,,external_in
d68175766b70f7163aec93e5a4e81480a6c6dd51d0577319d6f3392e8725f53b,5fe88ee6a2e30babca1e1ff839e91c5dd31d2b83e4d02d749e8c2d9c6c87e603,0,,external_in
d68175766b70f7163aec93e5a4e81480a6c6dd51d0577319d6f3392e8725f53b,ee49d68e25b51fde6f5fabe281936a0d0c0edd6171dcfeb39e1fdd9e7b573e0d,0,,external_in
d68175766b70f7163aec93e5a4e81480a6c6dd51d0577319d6f3392e8725f53b,5894062f747aa7183701a8aee2c22b65136293e700d8767a67a195cef003b113,0,,external_in
d68175766b70f7163aec93e5a4e81480a6c6dd51d0577319d6f3392e8725f53b,388d2ca20921a5f6420823cca08d1d54bfec9afd1e8a20aaffa3b905610e291c,0,,external_in
d68175766b70f7163aec93e5a4e81480a6c6dd51d0577319d6f3392e8725f53b,2b696b574e53817e2bea60ed34150d51cc981c5928073a7ec501884236d8fb21,0,,external_in
d68175766b70f7163aec93e5a4e81480a6c6dd51d0577319d6f3392e8725f53b,7188330697b3696dd7c85fe3f199f28ff8fb303ffe77c8e08e281e14a3564025,0,,external_in
d68175766b70f7163aec93e5a4e81480a6c6dd51d0577319d6f3392e8725f53b,ffd58db645f23df39cfb33bf189d2f6c7d6514b25b7f0aa3d01890941ead0928,0,,external_in
d68175766b70f7163aec93e5a4e81480a6c6dd51d0577319d6f3392e8725f53b,c01bdd0a5da3f280706765b99bd52fe90250d264c3f407ba9c74099a9e6a0535,0,,external_in
d68175766b70f7163aec93e5a4e81480a6c6dd51d0577319d6f3392e8725f53b,eab296447951d27407cf7a1e4c7cdb18118b02306cd13185f64bc8f4793e1a38,0,,external_in
d68175766b70f7163aec93e5a4e81480a6c6dd51d0577319d6f3392e8725f53b,cc85162ca0faca4d7ed73e3a0266d41cee30d7259b9eef323d4e1ea27cd8f340,0,,external_in
d68175766b70f7163aec93e5a4e81480a6c6dd51d0577319d6f3392e8725f53b,0cf4818105e27e51b723b75b61b0624fc7308c33d694592a9acbda0550ceed4b,0,,external_in
d68175766b70f7163aec93e5a4e81480a6c6dd51d0577319d6f3392e8725f53b,a0672f8c42c889d8d4a11f5fa658d4424dc14863d17dd05031b197a01738184d,0,,external_in
d68175766b70f7163aec93e5a4e81480a6c6dd51d0577319d6f3392e8725f53b,28ec96b278331223f62002866078e74de692342149dfbe0a1e50438aabfe4853,0,,external_in
d68175766b70f7163aec93e5a4e81480a6c6dd51d0577319d6f3392e8725f53b,c8047993f661e9e984635ca5abdfd406ccaafcbd81a08ecb112b8fa160a7d654,0,,external_in
d68175766b70f7163aec93e5a4e81480a6c6dd51d0577319d6f3392e8725f53b,649981a684798117acb9d6bcd7695d72e2edde48daea50d68d362374d5db0b69,0,,external_in
d68175766b70f7163aec93e5a4e81480a6c6dd51d0577319d6f3392e8725f53b,c6ff34279bcd14bd3e1b4ea376ca7195b42a0965c2928b0692e63a85fd74f27b,0,,external_in
d68175766b70f7163aec93e5a4e81480a6c6dd51d0577319d6f3392e8725f53b,d005c548414e0abcc09ac4b8b47cd34258deb3c03e5c493c6a89db9d1ad60980,0,,external_in
d68175766b70f7163aec93e5a4e81480a6c6dd51d0577319d6f3392e8725f53b,18394430f0ad01d06659d4cd39afc29c9f86b60b92da64b02fdbcb3ee4253182,0,,external_in
d68175766b70f7163aec93e5a4e81480a6c6dd51d0577319d6f3392e8725f53b,a673cf85ee9d5758e2c7a85761bbe176a1a3908f1c5e5eaa3f1f62cf0f7d0488,0,,external_in
d68175766b70f7163aec93e5a4e81480a6c6dd51d0577319d6f3392e8725f53b,d08526a4a1650db0767960f1495b49bbdcd5e2e59ff7a15ee99e3caaa71d8489,0,,external_in
d68175766b70f7163aec93e5a4e81480a6c6dd51d0577319d6f3392e8725f53b,46b90f27caa107f95f3655838d969f44cdcd25a12779f5a34d4f4ecf42c1e08c,0,,external_in
d68175766b70f7163aec93e5a4e81480a6c6dd51d0577319d6f3392e8725f53b,06d1edcbb3e477861b8b31a41f4ca74a88e47d8d93f323221cc08d699bb0199b,0,,external_in
d68175766b70f7163aec93e5a4e81480a6c6dd51d0577319d6f3392e8725f53b,cf732bff30c373d6bba93fc8b70312450a41af2a6d9c4bef9f416ff4d8a1619d,0,,external_in
d68175766b70f7163aec93e5a4e81480a6c6dd51d0577319d6f3392e8725f53b,e9449bae603b72e07430f2489f4c9ad2ec62bc8f511cb5699d75e1314d0334c7,0,,external_in
d68175766b70f7163aec93e5a4e81480a6c6dd51d0577319d6f3392e8725f53b,e3e5162e46a551c14ad71156a47ed37d0f9c50794317230343963d72964475d7,0,,external_in
d68175766b70f7163aec93e5a4e81480a6c6dd51d0577319d6f3392e8725f53b,1f3dc6bff2511eba812a711502567975c59c3b0de87666d9b2925aff153480db,0,,external_in
d68175766b70f7163aec93e5a4e81480a6c6dd51d0577319d6f3392e8725f53b,b044d73936ba5ee322393119ccec77e10d0d2a5437f1fede3d40e609e97bafdb,0,,external_in
d68175766b70f7163aec93e5a4e81480a6c6dd51d0577319d6f3392e8725f53b,403f53c914625b456310305789568618267ec3d344a93f5765d99796759eb3db,0,,external_in
d68175766b70f7163aec93e5a4e81480a6c6dd51d0577319d6f3392e8725f53b,5de8c64bc1553051fa04c266bb08465fe4b064a8ec76cc1dd86611faa56852e4,0,,external_in
d68175766b70f7163aec93e5a4e81480a6c6dd51d0577319d6f3392e8725f53b,6bdb14ac23e7b0a6f1f33e501bf76446670f20b5d4d382b3a729b4e950819fe8,0,,external_in
d68175766b70f7163aec93e5a4e81480a6c6dd51d0577319d6f3392e8725f53b,a235f81c36ad1983d9e225451b7ca3673d81a6eda400470b29a986d2b3b1deea,0,,external_in
d68175766b70f7163aec93e5a4e81480a6c6dd51d0577319d6f3392e8725f53b,a31adcf808d1569bcd4235317bffa9a7687cc936686e26d8d8e302a4b56502ec,0,,external_in
d0209a0f85872d6826c58bc23fab37c8b21feb22c15a5a6469f45358fb78ba41,9c2dba0f88a48791eaf74dbf16e573a967dff255bb63fea8066107f992ffd0eb,0,,external_in
89b51b4852b0e80f49cdb229d85ef4757d943c9fe4ba62e39e886f31c70142c4,22f2bb75129b01d2ccef433bbd4ce928fa1a65cb471ee1e4d895f8b861afc769,0,,external_in
f278e466012fb78422834742c6440c935f4cc2ef64e7228b7291891a27368367,5b09a6525243cb7ddd7ae1a2322c76e54f15e528ffba68261444b45a96f3beeb,0,,external_in
f278e466012fb78422834742c6440c935f4cc2ef64e7228b7291891a27368367,0eef4f46d0bcec460819e66ea09233201439b0938128767b45eeccad00af1c6e,0,,external_in
aa0c3ea6b38b2238725df2457eb328bbebd7d91ac5241c24de8ea11616c2bb6d,9a3e1140e189e78906dba8083ddb736452c1f645059e53421c46e1553ba918d3,0,,external_in
aa0c3ea6b38b2238725df2457eb328bbebd7d91ac5241c24de8ea11616c2bb6d,ff26d1efecb8c963c01d74481d4941341d2033a2d7b219cd4db00e535159fadb,0,,external_in
1566b4b36e938e4dab05718d16d1d3261ad7b40a2ea4ecaa34b52a822bbe4299,2d9efb45d98c245521998a349e4d2fb53aefc415d6f12ffcc2bff9e917e86643,0,,external_in
20db7d45fd8e480e0d836a4a596c836ba874ced0078cd181c11e833b752e4d4b,fb9c82dba41146cab7a4b3defef2f6182480da2df2152a8a7ee311fe9c853f8c,0,,external_in
1ec0ee9b27d6ab91169b28f3acdada51cab8eb03af8c2a7e128d122a2dba7d0c,0f31c556bbe635ea500b854f04705ffeaa683ba1e011eeda501a93427423e824,0,,external_in
62e8f73554688dddc919d0e9369c4788a8c3e8bf06f1247bc35e88a284355eac,982ca5154e3f717b32b8d292e041358e7520ecc4d075ad33756b7d3e8f507b55,1,,external_in
d46981477268a32b560f64249dfbb5d6c30a596ef71b0f87a8de1fcf14b9675f,982ca5154e3f717b32b8d292e041358e7520ecc4d075ad33756b7d3e8f507b55,2,,external_in
33a40fef2cec220c694a35f591b1d992d8d75bfe5b8bdc6bbccfa9eb78bfda04,84db32015d101bb94d40f613bc81083cb05f72f5b291b8ea6c2de8f0823163db,0,,external_in
b813e9282e3e23e9a3391f569fabdfd6bd130995dd6d1b4e4d3c193f8bbb6f75,eb2241b294ce6a5c9f551f8d3362a3381850aabf93a0d97427c775f698d6af60,0,,external_in
6da7a9a9d8d651c48e0a979ea6d1f00ce03cd1388ea390c5fa2050f9b2fb4910,5b28cbb9f59deecc6ffc5d297d8aef20336c5204d8b0a072e28291c7a52dd8b1,0,,external_in
b92bbbf974ad7d1ba035d03b34ee455dadf4e85c365d841beb4443e55da0b66c,5b28cbb9f59deecc6ffc5d297d8aef20336c5204d8b0a072e28291c7a52dd8b1,1,,external_in
2b01e2094c52bf99fb1e0d855af18eabafa0b8a3b331276a87dbefe98a932d6a,ac9ea4a29f165ed3d91c6d0c77b7a21ba1993b4ecddd66bfbf2a248eca0af4bf,0,,external_in
573de0984423d5426e1f09dae07cea2d851b80ea3eca6ad7afd0aaa9c0df72bf,d4ddf52dc6eab770aef3379ad215b076b8e852b63bd268d8d02cf909c1fdc478,0,,external_in
573de0984423d5426e1f09dae07cea2d851b80ea3eca6ad7afd0aaa9c0df72bf,dacdf9c1e33af16447457308b499f830b71bcc89985fa461c8dfb332ca57dcfe,0,,external_in
424538b815be4cdf85e4b74e3b222bb79c2f8b87ca125ba6f231cf2cabcc711c,f8479f9f9d7e6113f05dec5b1531c4f6b817f56cebd2f93ae6aa06a0a1c262e5,1,,external_in
c50b4881bb224b8f6a2d2ff7924dc10b3a9078ab5d50532309d5517f10a62f6b,fd1c46f541e705f5b6f713a5fda5233fb6e3c57466c396a721bdf1363e14e3a7,0,,external_in
a025c2fc8de237d8f136b63b0aa002a643e30c5a5aa7e218841a405c8e8e90d8,b2532785620ee7750631b24cb382948913751cc0b093d51285e3a07a71ac1002,0,,external_in
76930c3d0a3cc01908d54bb9d5ff2396613124d2af7cbe99e1421cd216f3cee9,2ea5daa18ae73e13ec9c9fb3f2bab306bccaa3a98fed449092051cd9d22ef395,1,,external_in
4e53bb26a432cc27996dda141b6fee5ac7a64d429394b307a08dd49cc7ec15cc,62e0461296c025e8af63b60cdc7d8344f320c820dbfdde68c8cf2c4b0204aa08,0,,external_in
4e53bb26a432cc27996dda141b6fee5ac7a64d429394b307a08dd49cc7ec15cc,c9b404787fb77602948aa85c5c4aa4c0d21409b1ba8fc63d7a96bce22ea58912,0,,external_in
4e53bb26a432cc27996dda141b6fee5ac7a64d429394b307a08dd49cc7ec15cc,063c645e22dd6761bf23b483ea903862059a74d9e14e85f39079f24583e65792,0,,external_in
4e53bb26a432cc27996dda141b6fee5ac7a64d429394b307a08dd49cc7ec15cc,5fe5a0bd8d1b0dcadafe3385127a0d39cf472bf836cf514593ff9cbc51dbd39a,0,,external_in
4e53bb26a432cc27996dda141b6fee5ac7a64d429394b307a08dd49cc7ec15cc,220739c31035aa37a728e52f6a395f365845e7d5a71501c147a0129c6ecddecc,0,,external_in
2ae7fe909e19c0e4646f7981d0feffc96f4a3b286539f3da8caf19aebcf93bb2,ffb7396b93e76125d8720f638d940a70ee9c37f0ea16c9206555e1770dc00cc8,0,,external_in
00109923db8b1004ac48470516af86d41e6cf26d8667c32be6c0b3edc0cdb664,36a798cc6149804c14901f4b0834a4d461d612b03aef847cf3e97b20ae3c7d90,0,,external_in
f7a8ee4f997f33682038192d1d378eec7260770588411bcd7fe8bebb6be3fa02,234f84e2c807fe48952652b3ab3edac58bfcb6b98a3d203bb13f8cdbec1e94d4,0,,external_in
1bbc2dffbb40e1a93467a123a9af9890d8bb37253e420b7af0392d9f239ba818,ffee5db983f37779f6b7ae801edfb0de2ba4c229128338072b58a24fd3cc7679,0,,external_in
43ea13fd8323f6326052668770d76bd17795ae6b89aa0ae2090a5408a520c17e,9fecf4928f98e6b55aaa013e4de62904c557eadb6b2fc9e79d3a557585007afa,0,,external_in
c277cd570bf36cdca153b95ee90d2d35d2b3d69619394d1f2c3d0d17b855f66c,1a5f1e3cd32ae538132198b48743282ae38f0281c8ea93c578d9a9bdab7ed891,0,,external_in
